City,Lat,Lng,Max Temp,Humidity,Cloudiness,Wind Speed,Country,Date
qaanaaq,77.484,-69.3632,28.6,74,61,4.45,GL,4/25/2021 14:15
lavrentiya,65.5833,-171,21.07,88,100,3.91,RU,4/25/2021 14:12
koumac,-20.5667,164.2833,75.15,85,100,11.52,NC,4/25/2021 14:15
buraydah,26.326,43.975,98.6,13,75,10.36,SA,4/25/2021 14:15
mahebourg,-20.4081,57.7,78.8,78,75,13.8,MU,4/25/2021 14:15
ponta do sol,32.6667,-17.1,66,74,23,8.99,PT,4/25/2021 14:15
nikolskoye,59.7035,30.7861,39.2,87,90,15.66,RU,4/25/2021 14:15
georgetown,5.4112,100.3354,84.2,84,20,5.01,MY,4/25/2021 14:15
albany,42.6001,-73.9662,53.01,72,100,3.29,US,4/25/2021 14:15
esperance,-33.8667,121.9,68,42,5,10.36,AU,4/25/2021 14:15
port keats,-14.25,129.55,75.38,44,100,2.84,AU,4/25/2021 14:10
sai buri,6.7013,101.6168,80.49,79,70,4.38,TH,4/25/2021 14:15
mbandaka,0.0487,18.2603,86.52,51,99,2.24,CD,4/25/2021 14:15
norman wells,65.282,-126.8329,28.4,69,75,18.41,CA,4/25/2021 14:15
bluff,-46.6,168.3333,41,83,81,8.01,NZ,4/25/2021 14:10
faanui,-16.4833,-151.75,80.4,67,6,4.32,PF,4/25/2021 14:15
ushuaia,-54.8,-68.3,46.4,71,75,6.91,AR,4/25/2021 14:15
broome,42.2506,-75.833,50,93,90,4.61,US,4/25/2021 14:15
san vicente,-26.6167,-54.1333,62.78,95,87,3.33,AR,4/25/2021 14:15
bethel,41.3712,-73.414,48.99,95,100,5.28,US,4/25/2021 14:15
mar del plata,-38.0023,-57.5575,63,72,40,16.11,AR,4/25/2021 14:14
erenhot,43.6475,111.9767,55.83,50,100,18.1,CN,4/25/2021 14:15
antiguo morelos,22.5495,-99.0812,77,78,79,3,MX,4/25/2021 14:15
springdale,36.1867,-94.1288,57.99,100,1,5.75,US,4/25/2021 14:15
asau,46.4333,26.4,57.99,34,97,9.69,RO,4/25/2021 14:15
north bend,43.4065,-124.2243,46.4,93,90,5.75,US,4/25/2021 14:15
ribeira grande,38.5167,-28.7,64.4,72,40,11.5,PT,4/25/2021 14:15
clyde river,70.4692,-68.5914,17.6,93,40,17.27,CA,4/25/2021 14:15
north platte,41.1239,-100.7654,52,62,1,9.22,US,4/25/2021 14:15
baykit,61.67,96.37,32,94,93,4.38,RU,4/25/2021 14:11
fairbanks,64.8378,-147.7164,30,80,1,3.44,US,4/25/2021 14:13
okhotsk,59.3833,143.3,18.86,76,5,4.47,RU,4/25/2021 14:15
hithadhoo,-0.6,73.0833,83.57,66,51,5.41,MV,4/25/2021 14:15
hermanus,-34.4187,19.2345,67.59,68,100,4.54,ZA,4/25/2021 14:15
pimentel,-6.8367,-79.9342,66,82,98,4,PE,4/25/2021 14:15
zabaykalsk,49.6333,117.3167,51.06,19,100,9.57,RU,4/25/2021 14:15
castro,-24.7911,-50.0119,69.01,62,99,4.92,BR,4/25/2021 14:15
kapaa,22.0752,-159.319,73.4,78,20,12.66,US,4/25/2021 14:10
rikitea,-23.1203,-134.9692,77.14,76,60,6.82,PF,4/25/2021 14:15
klaksvik,62.2266,-6.589,50,71,100,12.66,FO,4/25/2021 14:15
avarua,-21.2078,-159.775,75.2,88,94,12.66,CK,4/25/2021 14:15
constitucion,-35.3333,-72.4167,61.57,56,0,5.06,CL,4/25/2021 14:15
onega,63.9061,38.1404,52.2,56,74,9.84,RU,4/25/2021 14:15
kysyl-syr,63.8986,122.7617,32.54,99,100,3.98,RU,4/25/2021 14:12
salalah,17.0151,54.0924,86,70,40,11.5,OM,4/25/2021 14:15
pevek,69.7008,170.3133,19.18,95,100,11.56,RU,4/25/2021 14:15
takoradi,4.8845,-1.7554,86.25,66,83,11.36,GH,4/25/2021 14:15
butaritari,3.0707,172.7902,81.59,78,40,11.48,KI,4/25/2021 14:15
port alfred,-33.5906,26.891,76.66,56,97,16.11,ZA,4/25/2021 14:15
saskylakh,71.9167,114.0833,14.76,90,100,10.11,RU,4/25/2021 14:15
along,28.1667,94.7667,73.33,46,3,2.15,IN,4/25/2021 14:15
mataura,-46.1927,168.8643,42.01,82,25,8.99,NZ,4/25/2021 14:15
vao,-22.6667,167.4833,74.43,71,100,1.97,NC,4/25/2021 14:15
beloha,-25.1667,45.05,81.57,55,80,10.09,MG,4/25/2021 14:15
smirnykh,49.75,142.8333,26.78,80,97,2.91,RU,4/25/2021 14:15
lima,-12.0432,-77.0282,64.99,100,90,5.75,PE,4/25/2021 14:15
yeppoon,-23.1333,150.7333,66.2,72,6,6.91,AU,4/25/2021 14:15
bredasdorp,-34.5322,20.0403,62.6,77,100,2.3,ZA,4/25/2021 14:15
busselton,-33.65,115.3333,60.01,90,2,4.07,AU,4/25/2021 14:15
barrow,71.2906,-156.7887,10.4,85,20,13.8,US,4/25/2021 14:15
rock springs,41.5875,-109.2029,41,52,75,3.44,US,4/25/2021 14:13
atuona,-9.8,-139.0333,79.48,78,72,20.07,PF,4/25/2021 14:15
pacific grove,36.6177,-121.9166,52,89,100,7.67,US,4/25/2021 14:15
murray bridge,-35.1167,139.2667,54,98,0,2.44,AU,4/25/2021 14:11
entre rios,-11.9419,-38.0844,88.03,49,28,4.63,BR,4/25/2021 14:15
ancud,-41.8697,-73.8203,54,94,90,1.48,CL,4/25/2021 14:15
macia,-25.0269,33.0989,78.3,53,0,7.52,MZ,4/25/2021 14:15
khatanga,71.9667,102.5,12.81,87,100,23.69,RU,4/25/2021 14:15
goderich,43.7501,-81.7165,37.4,75,100,17.27,CA,4/25/2021 14:15
ilulissat,69.2167,-51.1,48.2,43,40,26.46,GL,4/25/2021 14:15
new norfolk,-42.7826,147.0587,57,80,100,3,AU,4/25/2021 14:15
gold coast,-28,153.4333,62.01,88,40,3.44,AU,4/25/2021 14:15
cacu,-18.5567,-51.1308,88.61,22,95,3.22,BR,4/25/2021 14:15
caravelas,-17.7125,-39.2481,85.41,57,7,7.47,BR,4/25/2021 14:15
margate,51.3813,1.3862,51.01,53,12,4,GB,4/25/2021 14:11
virginia beach,36.8529,-75.978,59,67,90,17.27,US,4/25/2021 14:15
fort nelson,58.8053,-122.7002,26.6,68,40,5.75,CA,4/25/2021 14:15
sao filipe,14.8961,-24.4956,72.93,73,85,10.6,CV,4/25/2021 14:15
bonthe,7.5264,-12.505,91.92,51,94,10.89,SL,4/25/2021 14:15
tasiilaq,65.6145,-37.6368,39.2,81,75,10.36,GL,4/25/2021 14:15
ganzhou,28.8184,115.4327,61.12,92,100,4.61,CN,4/25/2021 14:15
sorland,67.667,12.6934,39.2,70,75,6.91,NO,4/25/2021 14:15
porto novo,6.4965,2.6036,89.6,70,40,12.66,BJ,4/25/2021 14:15
lucea,18.451,-78.1736,82.4,65,20,6.91,JM,4/25/2021 14:15
chokurdakh,70.6333,147.9167,14.32,93,100,11.41,RU,4/25/2021 14:15
portland,45.5234,-122.6762,46.99,87,100,2.37,US,4/25/2021 14:05
leningradskiy,69.3833,178.4167,13.82,89,16,5.37,RU,4/25/2021 14:15
saint-philippe,-21.3585,55.7679,78.8,73,75,25.32,RE,4/25/2021 14:15
vaini,-21.2,-175.2,73.4,100,75,1.14,TO,4/25/2021 14:15
kodiak,57.79,-152.4072,39.2,81,90,10.36,US,4/25/2021 14:15
palembang,-2.9167,104.7458,84.2,84,40,6.91,ID,4/25/2021 14:15
punta arenas,-53.15,-70.9167,46.4,76,40,10.36,CL,4/25/2021 14:15
port-cartier,50.0334,-66.8654,46.99,56,5,3.44,CA,4/25/2021 14:12
bathsheba,13.2167,-59.5167,82.4,57,75,20.71,BB,4/25/2021 14:10
bandarbeyla,9.4942,50.8122,84.42,73,33,12.75,SO,4/25/2021 14:15
port lincoln,-34.7333,135.8667,60.1,68,83,8.46,AU,4/25/2021 14:15
narsaq,60.9167,-46.05,51.8,30,75,31.07,GL,4/25/2021 14:11
sabanalarga,10.6296,-74.9206,84.2,79,20,2.3,CO,4/25/2021 14:15
jizan,17.3333,42.6667,91.4,55,20,11.5,SA,4/25/2021 14:15
anjangaon,21.1631,77.3094,98.89,12,99,3,IN,4/25/2021 14:15
carutapera,-1.195,-46.02,83.01,79,100,6.4,BR,4/25/2021 14:15
rawson,-43.3002,-65.1023,60.4,57,14,19.44,AR,4/25/2021 14:15
chapais,49.7834,-74.8492,39.2,65,40,9.22,CA,4/25/2021 14:15
aksarka,66.5606,67.7975,34.12,94,100,9.95,RU,4/25/2021 14:15
jacareacanga,-6.2222,-57.7528,88.16,59,63,3.15,BR,4/25/2021 14:15
beringovskiy,63.05,179.3167,31.17,87,100,2.93,RU,4/25/2021 14:15
puerto ayora,-0.7393,-90.3518,78.8,83,0,11.5,EC,4/25/2021 14:15
geraldton,-28.7667,114.6,66.2,82,1,5.75,AU,4/25/2021 14:15
darhan,49.4867,105.9228,36.09,97,100,9.13,MN,4/25/2021 14:15
qingdao,36.0986,120.3719,53.6,71,0,4.47,CN,4/25/2021 14:13
rocha,-34.4833,-54.3333,66.51,53,18,12.8,UY,4/25/2021 14:11
libreville,0.3925,9.4537,87.8,66,20,8.05,GA,4/25/2021 14:15
san jose,37.3394,-121.895,53.6,66,75,3.44,US,4/25/2021 14:12
iqaluit,63.7506,-68.5145,33.8,86,90,5.75,CA,4/25/2021 14:15
ahipara,-35.1667,173.1667,57.6,74,64,6.31,NZ,4/25/2021 14:15
souillac,-20.5167,57.5167,78.8,78,75,13.8,MU,4/25/2021 14:15
hilo,19.7297,-155.09,69.8,78,20,5.75,US,4/25/2021 14:15
tiksi,71.6872,128.8694,23.18,96,100,5.44,RU,4/25/2021 14:15
joshimath,30.5667,79.5667,52.97,58,1,8.7,IN,4/25/2021 14:15
kingstown,13.1587,-61.2248,80.6,74,75,13.8,VC,4/25/2021 14:15
hambantota,6.1241,81.1185,82.4,94,20,3.44,LK,4/25/2021 14:15
ramsar,36.9226,50.6426,66.2,82,40,9.22,IR,4/25/2021 14:15
tuatapere,-46.1333,167.6833,42.01,82,66,8.99,NZ,4/25/2021 14:15
shubarkuduk,49.1447,56.4872,51.1,81,100,8.81,KZ,4/25/2021 14:15
thompson,55.7435,-97.8558,26.6,59,75,9.22,CA,4/25/2021 14:15
myaundzha,63.0494,147.1858,-9.29,96,7,2.77,RU,4/25/2021 14:15
cape town,-33.9258,18.4232,72,64,0,14.97,ZA,4/25/2021 14:15
arraial do cabo,-22.9661,-42.0278,78.8,78,20,2.3,BR,4/25/2021 14:15
smoky lake,54.1169,-112.4686,30.2,54,44,2.3,CA,4/25/2021 14:15
east london,-33.0153,27.9116,71.6,68,0,6.91,ZA,4/25/2021 14:15
naze,28.3667,129.4833,64.87,70,100,10.51,JP,4/25/2021 14:15
yellowknife,62.456,-114.3525,1.99,66,75,3.44,CA,4/25/2021 14:15
manggar,-2.8833,108.2667,81.66,74,98,4.65,ID,4/25/2021 14:15
la ronge,55.1001,-105.2842,28.4,74,100,6.91,CA,4/25/2021 14:15
dzerzhinsk,56.2389,43.4631,37.4,93,90,17.9,RU,4/25/2021 14:15
presidencia roque saenz pena,-26.7852,-60.4388,70,68,6,5.01,AR,4/25/2021 14:15
hamilton,39.1834,-84.5333,50,93,90,5.75,US,4/25/2021 14:15
port elizabeth,-33.918,25.5701,69.8,64,0,4.61,ZA,4/25/2021 14:15
labuhan,-6.8844,112.2051,79.83,80,42,9.44,ID,4/25/2021 14:15
airai,-8.9266,125.4092,56.79,87,44,2.37,TL,4/25/2021 14:15
victoria,22.2855,114.1577,75,92,100,20.51,HK,4/25/2021 14:11
riyadh,24.6877,46.7219,96.8,9,0,5.75,SA,4/25/2021 14:15
talcahuano,-36.7167,-73.1167,55.4,76,0,6.91,CL,4/25/2021 14:15
zeya,53.75,127.2667,38.37,73,100,3.58,RU,4/25/2021 14:15
longyearbyen,78.2186,15.6401,23,80,40,12.66,SJ,4/25/2021 14:15
kismayo,-0.3582,42.5454,85.15,66,96,9.82,SO,4/25/2021 14:15
luderitz,-26.6481,15.1594,70.05,61,85,7.4,NA,4/25/2021 14:15
pokhara,28.2333,83.9833,75.52,18,62,6.78,NP,4/25/2021 14:15
cabo san lucas,22.8909,-109.9124,59,33,40,5.75,MX,4/25/2021 14:11
sorochinsk,52.4338,53.1583,50.13,41,12,15.95,RU,4/25/2021 14:15
pangody,65.85,74.4859,32.76,92,100,7.9,RU,4/25/2021 14:15
saint-georges,12.0564,-61.7485,84.2,61,20,23.02,GD,4/25/2021 14:16
batemans bay,-35.7167,150.1833,54,86,26,1.99,AU,4/25/2021 14:16
varhaug,58.6147,5.6457,48,51,4,3,NO,4/25/2021 14:16
pisco,-13.7,-76.2167,66.2,94,75,6.02,PE,4/25/2021 14:16
pointe michel,15.25,-61.3833,86,54,75,8.05,DM,4/25/2021 14:16
tuktoyaktuk,69.4541,-133.0374,10.4,85,75,10.36,CA,4/25/2021 14:16
elda,38.4778,-0.7916,72,55,100,4,ES,4/25/2021 14:16
dingle,10.9995,122.6711,77.99,82,12,2.89,PH,4/25/2021 14:16
komsomolets,53.7453,62.0708,57.78,47,54,12.71,KZ,4/25/2021 14:16
martapura,-3.4167,114.85,80.6,83,87,1.14,ID,4/25/2021 14:16
jamestown,42.097,-79.2353,48,93,90,8.05,US,4/25/2021 14:15
bambous virieux,-20.3428,57.7575,78.8,78,75,13.8,MU,4/25/2021 14:16
kingman,35.1894,-114.053,60.8,29,1,6.02,US,4/25/2021 14:16
zyryanovsk,49.7386,84.2719,41.22,53,18,2.26,KZ,4/25/2021 14:16
kirakira,-10.4544,161.9205,79.25,85,87,3.42,SB,4/25/2021 14:16
ushtobe,45.2514,77.9838,58.42,27,100,5.95,KZ,4/25/2021 14:16
valverde del camino,37.5751,-6.7543,66.99,60,81,11.99,ES,4/25/2021 14:16
sabanagrande,10.7912,-74.7606,84.2,79,20,2.3,CO,4/25/2021 14:16
tezu,27.9167,96.1667,79.41,22,5,5.12,IN,4/25/2021 14:16
flinders,-34.5833,150.8552,55.99,82,65,1.01,AU,4/25/2021 14:16
hasaki,35.7333,140.8333,55.4,58,75,17.27,JP,4/25/2021 14:16
nouakchott,18.0858,-15.9785,84.2,42,0,14.97,MR,4/25/2021 14:16
hobart,-42.8794,147.3294,57.2,62,40,14.97,AU,4/25/2021 14:15
kandrian,-6.2167,149.55,77.25,87,95,4.21,PG,4/25/2021 14:16
baturaja,-4.1333,104.1667,74.48,93,100,2.8,ID,4/25/2021 14:16
goulburn,-34.75,149.7167,42.01,92,0,4.09,AU,4/25/2021 14:16
avera,33.194,-82.5271,64.4,82,40,11.5,US,4/25/2021 14:16
ugoofaaru,5.6667,73,84.92,69,15,6.24,MV,4/25/2021 14:16
provideniya,64.3833,-173.3,32.52,96,100,1.28,RU,4/25/2021 14:16
bada,51.392,109.8717,40.39,95,100,4.92,RU,4/25/2021 14:16
pascagoula,30.3658,-88.5561,64.99,68,1,13.8,US,4/25/2021 14:16
great yarmouth,52.6083,1.7305,51.01,57,75,13.8,GB,4/25/2021 14:16
gosainganj,26.5833,82.3833,89.01,8,100,6.93,IN,4/25/2021 14:16
nouadhibou,20.931,-17.0347,75.2,53,0,19.57,MR,4/25/2021 14:16
carnarvon,-24.8667,113.6333,68,83,2,4.61,AU,4/25/2021 14:16
svetlyy,54.675,20.1347,42.01,75,40,13.42,RU,4/25/2021 14:16
bengkulu,-3.8004,102.2655,79.23,82,100,5.88,ID,4/25/2021 14:16
letterkenny,54.95,-7.7333,59,63,0,9.22,IE,4/25/2021 14:16
lebu,-37.6167,-73.65,57.9,76,0,11.27,CL,4/25/2021 14:16
merauke,-8.4667,140.3333,78.98,83,83,5.37,ID,4/25/2021 14:16
port macquarie,-31.4333,152.9167,55.99,99,26,5.86,AU,4/25/2021 14:11
knysna,-34.0363,23.0471,77,50,0,2.3,ZA,4/25/2021 14:16
faya,18.3851,42.4509,73.4,60,75,11.5,SA,4/25/2021 14:11
acarau,-2.8856,-40.12,84.15,69,88,11.74,BR,4/25/2021 14:16
waddan,29.1614,16.139,80.15,21,0,10.8,LY,4/25/2021 14:16
palatka,29.6486,-81.6376,72,76,34,1.01,US,4/25/2021 14:16
rodbyhavn,54.6544,11.352,46.99,43,2,10,DK,4/25/2021 14:16
madera,37.1666,-119.8343,51.01,82,100,1.01,US,4/25/2021 14:16
dikson,73.5069,80.5464,18.09,88,100,10.51,RU,4/25/2021 14:16
ostrovnoy,68.0531,39.5131,35.65,93,100,16.96,RU,4/25/2021 14:16
ayan,56.45,138.1667,23.13,84,22,5.61,RU,4/25/2021 14:16
torbay,47.6666,-52.7314,50,49,20,21.85,CA,4/25/2021 14:16
aguimes,27.9054,-15.4461,73.4,56,40,18.41,ES,4/25/2021 14:16
prince rupert,54.3161,-130.3201,48.2,65,1,9.22,CA,4/25/2021 14:11
chimbote,-9.0853,-78.5783,68.31,83,35,7.16,PE,4/25/2021 14:13
san jeronimo,-11.9472,-75.2829,54.27,65,76,0.96,PE,4/25/2021 14:16
saint anthony,45.0205,-93.218,39.99,60,90,8.05,US,4/25/2021 14:16
heidelberg,-26.5048,28.3592,77,30,0,9.53,ZA,4/25/2021 14:16
minot,48.2325,-101.2963,42.8,52,90,6.91,US,4/25/2021 14:16
cookeville,36.1628,-85.5016,52,87,90,3.44,US,4/25/2021 14:02
mashhad,36.297,59.6062,78.8,27,40,9.22,IR,4/25/2021 14:16
formosa,-26.1775,-58.1781,69.49,75,69,8.19,AR,4/25/2021 14:16
afrikanda,67.4429,32.7828,39,100,100,20.94,RU,4/25/2021 14:16
san patricio,28.017,-97.5169,73.4,68,1,6.91,US,4/25/2021 14:16
fort-shevchenko,44.5086,50.263,60.24,59,100,17.67,KZ,4/25/2021 14:16
lompoc,34.6391,-120.4579,48.2,87,100,5.75,US,4/25/2021 14:11
richards bay,-28.783,32.0377,74.55,67,0,7.05,ZA,4/25/2021 14:16
juneau,58.3019,-134.4197,39,80,1,3.44,US,4/25/2021 14:15
unity,52.4501,-109.1682,35.47,38,100,5.08,CA,4/25/2021 14:16
phan thiet,10.9333,108.1,81.1,83,5,3.6,VN,4/25/2021 14:11
pingliang,35.5392,106.6861,47.3,86,74,3.6,CN,4/25/2021 14:16
kruisfontein,-34.0033,24.7314,81.37,36,100,3.42,ZA,4/25/2021 14:16
nardaran,40.5561,50.0056,62.6,55,0,6.91,AZ,4/25/2021 14:16
kawalu,-7.3817,108.2082,73.2,94,95,1.14,ID,4/25/2021 14:16
kavieng,-2.5744,150.7967,82.26,77,94,6.58,PG,4/25/2021 14:16
maroon town,18.3446,-77.7954,82.4,65,20,6.91,JM,4/25/2021 14:16
chifeng,42.2683,118.9636,55.78,17,100,14.34,CN,4/25/2021 14:16
roald,62.5833,6.1333,42.8,56,75,6.91,NO,4/25/2021 14:16
goundam,16.4145,-3.6708,107.83,6,6,7.83,ML,4/25/2021 14:16
mount isa,-20.7333,139.5,77,33,71,8.05,AU,4/25/2021 14:16
port arthur,38.8,121.2667,53.6,58,0,4.47,CN,4/25/2021 14:16
cidreira,-30.1811,-50.2056,70.32,78,79,14.63,BR,4/25/2021 14:16
meulaboh,4.1363,96.1285,80.04,76,98,0.51,ID,4/25/2021 14:16
nikolayevka,53.1257,47.2041,46.2,51,56,17.87,RU,4/25/2021 14:16
salinopolis,-0.6136,-47.3561,81.9,80,99,8.05,BR,4/25/2021 14:16
cooma,-36.2333,149.1333,35.6,100,8,5.75,AU,4/25/2021 14:16
kununurra,-15.7667,128.7333,64.4,77,39,1.14,AU,4/25/2021 14:16
cahul,45.9075,28.1944,61.61,40,82,13.33,MD,4/25/2021 14:16
taitung,22.7583,121.1444,69.8,88,75,6.91,TW,4/25/2021 14:16
robertsport,6.7533,-11.3686,83.43,74,100,7.02,LR,4/25/2021 14:11
bubaque,11.2833,-15.8333,78.55,51,28,6.62,GW,4/25/2021 14:16
abha,18.2164,42.5053,73.4,60,75,11.5,SA,4/25/2021 14:16
oranjemund,-28.55,16.4333,67.14,67,100,10.83,NA,4/25/2021 14:16
jumla,29.2747,82.1838,52.56,38,65,2.93,NP,4/25/2021 14:16
walvis bay,-22.9575,14.5053,78.8,44,8,6.91,NA,4/25/2021 14:11
yongan,39.6957,113.6871,51.37,71,95,6.67,CN,4/25/2021 14:16
la rioja,42.25,-2.5,60.8,59,0,11.5,ES,4/25/2021 14:16
paamiut,61.994,-49.6678,37.71,84,98,13.6,GL,4/25/2021 14:16
bardiyah,31.7561,25.0865,67.19,66,0,17.81,LY,4/25/2021 14:16
sao joao da barra,-21.6403,-41.0511,82.4,61,20,2.3,BR,4/25/2021 14:16
canutama,-6.5339,-64.3831,81.5,86,60,0.74,BR,4/25/2021 14:16
pali,25.7667,73.3333,92.91,9,0,5.53,IN,4/25/2021 14:11
yaan,7.3833,8.5667,91.18,46,100,5.84,NG,4/25/2021 14:16
idukki,9.85,76.9667,73.44,90,100,1.88,IN,4/25/2021 14:16
vestmannaeyjar,63.4427,-20.2734,44.6,93,90,9.22,IS,4/25/2021 14:16
tazovskiy,67.4667,78.7,12.56,95,38,5.93,RU,4/25/2021 14:16
isangel,-19.55,169.2667,76.98,79,100,8.5,VU,4/25/2021 14:16
bogandinskiy,56.8937,65.8938,59,26,0,11.18,RU,4/25/2021 14:16
alofi,-19.0595,-169.9187,69.8,100,93,1.14,NU,4/25/2021 14:16
jaisalmer,26.9147,70.9181,96.3,8,0,6.13,IN,4/25/2021 14:14
campbell river,50.0163,-125.2446,46,100,90,0.54,CA,4/25/2021 14:12
ambilobe,-13.2,49.05,76.78,78,99,4.88,MG,4/25/2021 14:16
kerman,30.2832,57.0788,69.8,30,40,16.11,IR,4/25/2021 14:16
yoichi,43.2039,140.7703,36,87,75,15.68,JP,4/25/2021 14:16
neuquen,-38.9516,-68.0591,57.2,67,0,5.75,AR,4/25/2021 14:16
santa rosa,14.3122,121.1114,84.2,74,20,4.61,PH,4/25/2021 14:16
kropotkin,45.4375,40.5756,49.98,78,100,11.18,RU,4/25/2021 14:16
ust-kulom,61.6864,53.6902,41.38,96,100,9.37,RU,4/25/2021 14:16
olafsvik,64.8945,-23.7142,42.8,91,94,6.58,IS,4/25/2021 14:16
rosetta,31.4044,30.4164,93.2,16,0,16.11,EG,4/25/2021 14:16
matara,5.9485,80.5353,79.43,86,37,5.93,LK,4/25/2021 14:16
kargasok,59.0556,80.8572,36.46,99,100,5.59,RU,4/25/2021 14:16
la asuncion,11.0333,-63.8628,89.6,58,64,19.57,VE,4/25/2021 14:16
coahuayana,18.7333,-103.6833,73.4,43,20,1.28,MX,4/25/2021 14:16
mecca,21.4267,39.8261,94.96,25,4,16.11,SA,4/25/2021 14:16
mareeba,-17,145.4333,75.2,94,75,9.22,AU,4/25/2021 14:16
katsuura,35.1333,140.3,57.99,32,100,1.99,JP,4/25/2021 14:16
marzuq,14.4,46.4667,83.05,40,58,19.06,YE,4/25/2021 14:16
yar-sale,66.8333,70.8333,32.54,97,100,10.2,RU,4/25/2021 14:16
lubango,-14.9172,13.4925,71.76,49,100,1.57,AO,4/25/2021 14:16
nanortalik,60.1432,-45.2371,42.06,73,100,14.74,GL,4/25/2021 14:16
new philadelphia,40.4898,-81.4457,54,82,90,5.75,US,4/25/2021 14:14
altamont,42.2068,-121.7372,37.4,81,90,5.75,US,4/25/2021 14:16
yining,29.0361,114.5636,59.92,95,100,2.15,CN,4/25/2021 14:16
gudivada,16.45,80.9833,89.6,70,5,4.61,IN,4/25/2021 14:16
vardo,70.3705,31.1107,33.8,60,20,19.57,NO,4/25/2021 14:16
kahului,20.8947,-156.47,71.6,94,20,14.97,US,4/25/2021 14:16
aklavik,68.2191,-135.0107,19.4,86,40,9.22,CA,4/25/2021 14:16
puro,12.4841,123.3827,80.01,78,8,9.64,PH,4/25/2021 14:16
kaeo,-35.1,173.7833,48,92,46,3,NZ,4/25/2021 14:16
saldanha,-33.0117,17.9442,68,73,100,9.22,ZA,4/25/2021 14:16
bhag,29.0415,67.8239,98.37,12,0,3.74,PK,4/25/2021 14:16
ola,59.5833,151.2833,17.4,72,88,9.42,RU,4/25/2021 14:16
fare,-16.7,-151.0167,80.51,66,27,4.79,PF,4/25/2021 14:16
chuy,-33.6971,-53.4616,65.17,58,2,12.46,UY,4/25/2021 14:16
upernavik,72.7868,-56.1549,34.39,80,28,6.73,GL,4/25/2021 14:16
khandyga,62.6667,135.6,11.25,95,99,4,RU,4/25/2021 14:16
los llanos de aridane,28.6585,-17.9182,69.8,64,75,5.75,ES,4/25/2021 14:16
kosikha,53.3617,84.5822,50,14,0,4.47,RU,4/25/2021 14:16
seoul,37.5683,126.9778,57.2,67,0,4.61,KR,4/25/2021 14:16
san juan,-31.5375,-68.5364,65.23,43,0,3.58,AR,4/25/2021 14:16
emerald,-23.5333,148.1667,66.2,37,0,11.5,AU,4/25/2021 14:16
sur,22.5667,59.5289,88.84,42,0,3.6,OM,4/25/2021 14:12
the valley,18.217,-63.0578,84.2,65,40,14.97,AI,4/25/2021 14:16
rio grande,-32.035,-52.0986,69.8,73,75,18.41,BR,4/25/2021 14:11
lorengau,-2.0226,147.2712,80.76,76,100,2.57,PG,4/25/2021 14:16
utete,-7.986,38.758,75.33,96,100,4,TZ,4/25/2021 14:16
santa maria,-29.6842,-53.8069,66.2,94,90,5.75,BR,4/25/2021 14:16
abalak,58.1286,68.5944,50.85,42,100,9.15,RU,4/25/2021 14:12
yangambi,0.8102,24.4336,75.36,95,100,1.83,CD,4/25/2021 14:16
guaxupe,-21.3053,-46.7128,73.4,49,0,2.75,BR,4/25/2021 14:16
gladstone,-23.85,151.25,66.2,72,22,4.61,AU,4/25/2021 14:16
esna,25.2934,32.554,102.2,10,0,3.44,EG,4/25/2021 14:16
nelson bay,-32.7167,152.15,55.99,100,18,3.44,AU,4/25/2021 14:16
pierre,44.3683,-100.351,41,65,1,24.16,US,4/25/2021 14:15
guerrero negro,27.9769,-114.0611,57.63,83,72,11.32,MX,4/25/2021 14:16
tirumullaivasal,11.2333,79.8333,84.43,71,89,12.86,IN,4/25/2021 14:16
brownwood,31.7093,-98.9912,55.4,100,1,9.22,US,4/25/2021 14:16
penzance,50.1186,-5.5371,54,66,20,32.21,GB,4/25/2021 14:16
colares,38.7992,-9.4469,68,73,20,11.5,PT,4/25/2021 14:16
blythe,33.6103,-114.5964,68,26,1,6.91,US,4/25/2021 14:16
port hardy,50.6996,-127.4199,46.4,93,90,2.3,CA,4/25/2021 14:16
stolbishche,55.6468,49.216,44.6,53,40,20.13,RU,4/25/2021 14:16
aksu,41.1231,80.2644,66.43,18,8,8.28,CN,4/25/2021 14:16
havelock,34.8791,-76.9013,66.99,82,98,3,US,4/25/2021 14:16
acapulco,16.8634,-99.8901,78.8,65,75,1.72,MX,4/25/2021 14:12
camacha,33.0833,-16.3333,64.4,77,40,17.27,PT,4/25/2021 14:16
puerto ayacucho,5.6639,-67.6236,82.6,69,98,1.21,VE,4/25/2021 14:16
alyangula,-13.8483,136.4192,77,100,75,6.91,AU,4/25/2021 14:16
lukovetskiy,64.2956,41.9211,48.2,87,40,8.72,RU,4/25/2021 14:16
rapid valley,44.0625,-103.1463,45,75,1,18.41,US,4/25/2021 14:16
nizhnevartovsk,60.9344,76.5531,50,46,0,4.47,RU,4/25/2021 14:16
sisimiut,66.9395,-53.6735,40.89,60,85,3.49,GL,4/25/2021 14:16
port blair,11.6667,92.75,83.71,69,90,3.65,IN,4/25/2021 14:16
tautira,-17.7333,-149.15,75.2,83,75,3.44,PF,4/25/2021 14:16
athabasca,54.7169,-113.2854,30.2,68,15,3.44,CA,4/25/2021 14:16
wonthaggi,-38.6044,145.5913,53.01,92,64,12.03,AU,4/25/2021 14:16
ust-tsilma,65.441,52.1498,45.34,78,100,8.86,RU,4/25/2021 14:16
palafrugell,41.9174,3.1631,70,22,100,9.33,ES,4/25/2021 14:14
qui nhon,13.7667,109.2333,80.53,87,57,3.42,VN,4/25/2021 14:16
sokoni,-6.4333,39.55,86,74,20,12.66,TZ,4/25/2021 14:16
nishihara,26.1842,127.7558,69.8,82,20,6.91,JP,4/25/2021 14:12
katakwi,1.8911,33.9661,75.83,72,100,6.4,UG,4/25/2021 14:16
raga,8.4596,25.678,88.16,45,92,6.42,SS,4/25/2021 14:16
bayir,37.2687,28.2167,73.4,53,75,12.66,TR,4/25/2021 14:16
tam ky,15.5667,108.4833,82.4,89,20,4.61,VN,4/25/2021 14:16
caernarfon,53.1413,-4.2702,55.4,58,0,8.05,GB,4/25/2021 14:16
amuntai,-2.4177,115.2494,78.04,80,83,1.74,ID,4/25/2021 14:16
bongandanga,1.5,21.05,84.15,57,100,2.17,CD,4/25/2021 14:16
qasigiannguit,68.8193,-51.1922,48.2,43,40,26.46,GL,4/25/2021 14:11
verkhoyansk,67.5447,133.385,16.09,95,71,4.03,RU,4/25/2021 14:16
lalibela,12.0333,39.0333,67.3,47,96,8.7,ET,4/25/2021 14:16
samarai,-10.6167,150.6667,83.05,76,81,11.43,PG,4/25/2021 14:16
xunchang,28.4543,104.715,58.51,89,100,2.39,CN,4/25/2021 14:16
plettenberg bay,-34.0527,23.3716,74.34,57,100,2.98,ZA,4/25/2021 14:16
evensk,61.95,159.2333,23.74,95,100,8.68,RU,4/25/2021 14:16
tomatlan,19.9333,-105.25,74.55,55,100,0.36,MX,4/25/2021 14:16
inirida,3.8653,-67.9239,79.61,85,100,3.11,CO,4/25/2021 14:16
antofagasta,-23.65,-70.4,70,63,0,2.3,CL,4/25/2021 14:16
viedma,-40.8135,-62.9967,60.96,56,0,5.66,AR,4/25/2021 14:16
laguna,38.421,-121.4238,53.01,71,1,5.75,US,4/25/2021 14:16
pangnirtung,66.1451,-65.7125,36.05,83,100,1.48,CA,4/25/2021 14:16
potosi,-19.5836,-65.7531,42.24,49,46,5.68,BO,4/25/2021 14:15
dreznica,43.5289,17.2819,73.4,20,0,10.36,BA,4/25/2021 14:12
maniitsoq,65.4167,-52.9,40.35,72,33,3.13,GL,4/25/2021 14:16
srednekolymsk,67.45,153.6833,-1.23,98,20,6.15,RU,4/25/2021 14:12
rio gallegos,-51.6226,-69.2181,51.8,50,0,13.8,AR,4/25/2021 14:16
adana,36.985,35.2881,82.4,47,0,9.22,TR,4/25/2021 14:16
secaria,45.2833,25.6833,57.99,54,98,6.15,RO,4/25/2021 14:16
naryan-mar,67.6713,53.087,42.3,91,100,9.73,RU,4/25/2021 14:16
gallup,35.5281,-108.7426,53.6,28,1,13.8,US,4/25/2021 14:15
xihe,31.6864,113.4659,55.96,85,97,6.04,CN,4/25/2021 14:16
marienburg,54.0359,19.0266,45,58,86,11.74,PL,4/25/2021 14:16
salvador,13.8333,-88.9167,84.2,70,0,3.44,SV,4/25/2021 14:12
kaduqli,11.0167,29.7167,93.61,33,100,11.99,SD,4/25/2021 14:16
hualmay,-11.0964,-77.6139,68.34,81,65,6.44,PE,4/25/2021 14:16
thinadhoo,0.5333,72.9333,83.26,65,84,5.86,MV,4/25/2021 14:16
mount gambier,-37.8333,140.7667,46.4,93,4,3.2,AU,4/25/2021 14:16
oro valley,32.3909,-110.9665,69.01,26,4,1.99,US,4/25/2021 14:16
radzyn podlaski,51.7833,22.6167,51.01,40,0,6.91,PL,4/25/2021 14:13
vila franca do campo,37.7167,-25.4333,64.4,63,75,18.41,PT,4/25/2021 14:16
atessa,42.0693,14.4511,68,36,22,4,IT,4/25/2021 14:16
yulara,-25.2406,130.9889,60.8,39,0,5.75,AU,4/25/2021 14:16
atherton,53.5237,-2.4935,60.01,46,100,1.99,GB,4/25/2021 14:16
pachino,36.7186,15.0907,68,52,4,11.5,IT,4/25/2021 14:16
mongoumba,3.6415,18.5936,85.98,58,100,1.41,CF,4/25/2021 14:16
sitka,57.0531,-135.33,44.6,70,20,4.99,US,4/25/2021 14:16
gospic,44.5461,15.3747,69.8,30,0,10.36,HR,4/25/2021 14:16
okha,53.5739,142.9478,22.1,86,8,5.19,RU,4/25/2021 14:16
boksitogorsk,59.474,33.8485,37.99,87,100,5.99,RU,4/25/2021 14:16
tymovskoye,50.8456,142.655,25.3,90,70,1.01,RU,4/25/2021 14:10
severo-kurilsk,50.6789,156.125,31.73,96,100,8.41,RU,4/25/2021 14:17
hovd,48.0056,91.6419,33.78,24,99,10.31,MN,4/25/2021 14:17
birjand,32.8663,59.2211,84.2,9,75,11.5,IR,4/25/2021 14:17
nalut,30.3333,10.85,87.87,13,16,4.23,LY,4/25/2021 14:17
blackwater,-23.5833,148.8833,62.82,62,1,6.44,AU,4/25/2021 14:17
natal,-5.795,-35.2094,87.8,58,40,13.8,BR,4/25/2021 14:17
mugur-aksy,50.35,90.5,16.52,63,42,6.06,RU,4/25/2021 14:17
atar,20.5169,-13.0499,95.5,14,0,8.39,MR,4/25/2021 14:17
machado,-21.6747,-45.9197,73.4,49,0,1.88,BR,4/25/2021 14:17
codrington,-38.2667,141.9667,50.61,92,3,6.4,AU,4/25/2021 14:17
yermakovskoye,53.2831,92.4003,36.19,97,100,6.2,RU,4/25/2021 14:17
henties bay,-22.116,14.2845,66,83,1,8.99,NA,4/25/2021 14:17
dehloran,32.6941,47.2679,99.79,9,100,16.82,IR,4/25/2021 14:17
buala,-8.145,159.5921,80.35,81,29,1.97,SB,4/25/2021 14:17
pittsburg,38.028,-121.8847,53.01,74,100,1.99,US,4/25/2021 14:17
hervey bay,-25.2986,152.8535,64,82,0,3,AU,4/25/2021 14:17
arica,-18.475,-70.3042,68,60,0,2.3,CL,4/25/2021 14:17
taltal,-25.4,-70.4833,66.58,70,1,6.04,CL,4/25/2021 14:10
zhezkazgan,47.8043,67.7144,60.55,40,9,11.45,KZ,4/25/2021 14:17
asfi,32.2994,-9.2372,65.16,70,10,23.58,MA,4/25/2021 14:17
ruteng,-8.6136,120.4721,61.86,92,85,1.16,ID,4/25/2021 14:17
berlevag,70.8578,29.0864,32,64,40,14.97,NO,4/25/2021 14:17
kupang,-10.1667,123.5833,77.74,68,70,9.93,ID,4/25/2021 14:17
lagoa,39.05,-27.9833,59.14,78,25,14.92,PT,4/25/2021 14:17
glebychevo,60.4387,28.7183,37,97,100,11.95,RU,4/25/2021 14:17
susangerd,31.5608,48.1831,105.8,11,0,2.3,IR,4/25/2021 14:17
meadow lake,34.8014,-106.5436,55,26,20,0.67,US,4/25/2021 14:15
axim,4.8699,-2.2405,84.47,70,97,8.75,GH,4/25/2021 14:16
ketou,7.3633,2.5998,96.98,40,100,5.08,BJ,4/25/2021 14:17
kaabong,3.4836,34.1492,74.16,60,99,13.24,UG,4/25/2021 14:17
belaya gora,68.5333,146.4167,16.61,85,100,11.05,RU,4/25/2021 14:12
sembe,1.6481,14.5806,87.89,53,69,1.54,CG,4/25/2021 14:17
ngaoundere,7.3167,13.5833,80.11,53,82,5.59,CM,4/25/2021 14:17
san bartolome de tirajana,27.9248,-15.5733,73.4,56,40,18.41,ES,4/25/2021 14:17
grand gaube,-20.0064,57.6608,78.01,82,100,10,MU,4/25/2021 14:17
krasnyy luch,48.1395,38.9371,52.3,32,7,3.87,UA,4/25/2021 14:17
alta floresta,-9.8756,-56.0861,87.8,66,0,2.3,BR,4/25/2021 14:17
boquira,-12.8231,-42.7306,87.48,45,12,3.98,BR,4/25/2021 14:17
tessalit,20.1986,1.0114,103.1,4,0,4.12,ML,4/25/2021 14:17
rosetown,51.5501,-108.0014,35.6,38,100,8.05,CA,4/25/2021 14:17
aykhal,66,111.5,20.32,93,100,25.48,RU,4/25/2021 14:17
saint george,37.1041,-113.5841,64.99,27,1,8.05,US,4/25/2021 14:17
cardston,49.2,-113.3019,30.2,100,97,3.44,CA,4/25/2021 14:17
anadyr,64.75,177.4833,23,93,75,2.24,RU,4/25/2021 14:17
portage,41.1667,-81.1998,51.01,87,90,9.22,US,4/25/2021 14:17
koungheul,13.9833,-14.8,101.12,11,42,4.45,SN,4/25/2021 14:17
usinsk,65.9939,57.5281,43.83,74,100,11.45,RU,4/25/2021 14:11
kamien pomorski,53.9685,14.7726,46.99,29,0,16.11,PL,4/25/2021 14:17
prenzlau,53.3167,13.8667,51.01,41,98,4,DE,4/25/2021 14:17
fortuna,40.5982,-124.1573,46,93,90,8.05,US,4/25/2021 14:17
gambela,8.25,34.5833,86.07,52,100,5.82,ET,4/25/2021 14:17
kaitangata,-46.2817,169.8464,39,77,26,4,NZ,4/25/2021 14:17
gao,16.6362,1.637,107.4,3,37,8.81,ML,4/25/2021 14:17
tateyama,34.9833,139.8667,57.99,32,99,1.99,JP,4/25/2021 14:17
hobyo,5.3505,48.5268,85.82,60,72,11.18,SO,4/25/2021 14:17
kyabe,9.4515,18.9449,96.51,31,49,8.43,TD,4/25/2021 14:17
staryy nadym,65.6118,72.6842,33.03,99,100,10.16,RU,4/25/2021 14:17
capela do alto,-23.4706,-47.7347,73.65,55,100,2.98,BR,4/25/2021 14:17
lod,31.9514,34.8953,82.4,39,0,8.05,IL,4/25/2021 14:17
shakawe,-18.3667,21.85,88.27,16,38,1.19,BW,4/25/2021 14:17
batsfjord,70.6345,29.7185,32,64,40,14.97,NO,4/25/2021 14:17
bhagalpur,25.25,87,95.83,11,4,5.73,IN,4/25/2021 14:17
poum,-20.2333,164.0167,77.41,80,100,16.35,NC,4/25/2021 14:17
sambava,-14.2667,50.1667,76.08,88,100,7.4,MG,4/25/2021 14:17
svobodnyy,51.4,128.1333,44.31,36,43,6.98,RU,4/25/2021 14:17
bambanglipuro,-7.95,110.2833,77.18,85,99,4.09,ID,4/25/2021 14:17
toktogul,41.8708,72.9402,57.94,61,97,2.98,KG,4/25/2021 14:17
necochea,-38.5473,-58.7368,63,76,100,5.99,AR,4/25/2021 14:17
bonnyville,54.2668,-110.735,28.4,59,20,4.61,CA,4/25/2021 14:17
vostok,46.4856,135.8833,24.04,52,6,4.03,RU,4/25/2021 14:17
syamzha,60.0158,41.0614,41.85,94,100,5.57,RU,4/25/2021 14:17
marsa matruh,31.3525,27.2453,69.8,68,0,23.02,EG,4/25/2021 14:17
tual,-5.6667,132.75,84.36,63,100,9.6,ID,4/25/2021 14:17
tilichiki,60.4667,166.1,26.76,97,100,2.48,RU,4/25/2021 14:17
gola bazar,26.3431,83.3553,89.78,8,98,7.94,IN,4/25/2021 14:17
high level,58.5169,-117.136,28.4,69,90,4.61,CA,4/25/2021 14:17
praya,14.9215,-23.5087,78.8,53,75,20.71,CV,4/25/2021 14:15
boyolangu,-8.1181,111.8935,75.42,90,14,1.14,ID,4/25/2021 14:17
luau,-10.7073,22.2247,77.81,61,33,6.4,AO,4/25/2021 14:17
puerto penasco,31.3167,-113.5333,64.99,56,0,5.01,MX,4/25/2021 14:17
kloulklubed,7.0419,134.2556,82.4,83,90,10.36,PW,4/25/2021 14:17
mao,39.8885,4.2658,66.2,63,0,21.85,ES,4/25/2021 14:17
morondava,-20.2833,44.2833,82.71,63,9,8.12,MG,4/25/2021 14:17
kabare,-2.4683,28.8242,65.88,94,100,3.15,CD,4/25/2021 14:17
kavaratti,10.5669,72.642,84.7,71,10,10.6,IN,4/25/2021 14:17
la palma,33.8464,-118.0467,57.99,82,90,6.46,US,4/25/2021 14:17
sao marcos,-28.9711,-51.0681,62.01,91,100,3.15,BR,4/25/2021 14:17
muros,42.7762,-9.0603,64.99,76,100,5.01,ES,4/25/2021 14:17
kimberley,-28.7323,24.7623,82.4,16,0,3.44,ZA,4/25/2021 14:15
loikaw,19.6742,97.2094,76.95,65,55,0.78,MM,4/25/2021 14:17
roebourne,-20.7833,117.1333,79.29,61,0,2.44,AU,4/25/2021 14:17
haapiti,-17.5667,-149.8667,75.2,83,75,3.44,PF,4/25/2021 14:17
kudahuvadhoo,2.6708,72.8944,83.68,67,61,7.7,MV,4/25/2021 14:17
ciudad bolivar,8.1222,-63.5497,82.15,63,91,11.45,VE,4/25/2021 14:17
quatre cocos,-20.2078,57.7625,78.8,78,75,13.8,MU,4/25/2021 14:17
talnakh,69.4865,88.3972,4.78,96,46,5.1,RU,4/25/2021 14:17
matagami,49.7502,-77.6328,24.8,100,90,10.36,CA,4/25/2021 14:17
point pleasant,40.0832,-74.0682,52,93,90,12.66,US,4/25/2021 14:17
micheweni,-4.9667,39.8333,81.45,82,73,8.79,TZ,4/25/2021 14:17
yasnyy,51.0333,59.8742,53.62,46,100,14.94,RU,4/25/2021 14:17
jalu,29.0331,21.5482,79.93,33,0,19.91,LY,4/25/2021 14:17
changping,40.2186,116.2197,61,63,0,4.47,CN,4/25/2021 14:17
dicabisagan,17.0818,122.4157,76.19,81,82,8.23,PH,4/25/2021 14:17
cockburn town,21.4612,-71.1419,79.09,73,88,17.2,TC,4/25/2021 14:17
christchurch,-43.5333,172.6333,45,100,93,4.61,NZ,4/25/2021 14:17
kayerkan,69.3497,87.7602,4.33,99,96,2.46,RU,4/25/2021 14:17
horodkivka,49.9068,28.9847,43.57,86,100,9.93,UA,4/25/2021 14:17
lloydminster,53.2835,-110.0016,30.2,59,90,2.3,CA,4/25/2021 14:17
haines junction,60.7522,-137.5108,19.4,93,5,1.14,CA,4/25/2021 14:17
pundaguitan,6.3711,126.1689,83.77,74,29,4.85,PH,4/25/2021 14:12
atasu,48.6814,71.6433,55.02,36,0,7.27,KZ,4/25/2021 14:17
funtua,11.5233,7.3081,95.36,24,100,10.11,NG,4/25/2021 14:17
mattru,7.6244,-11.8332,99.16,36,62,1.68,SL,4/25/2021 14:17
lakes entrance,-37.8811,147.981,48.99,92,75,9.78,AU,4/25/2021 14:17
mahanoro,-19.9,48.8,75.67,87,99,3.51,MG,4/25/2021 14:17
madimba,-10.4,40.3333,80.6,89,75,9.22,TZ,4/25/2021 14:17
yima,34.7381,111.8839,51.33,90,100,1.21,CN,4/25/2021 14:17
orebro,59.2741,15.2066,44.6,31,75,13.8,SE,4/25/2021 14:17
puerto madryn,-42.7692,-65.0385,60.3,55,14,20.04,AR,4/25/2021 14:15
hay river,60.8156,-115.7999,8.6,85,100,4.61,CA,4/25/2021 14:15
brisbane,-27.4679,153.0281,62.01,94,0,5.75,AU,4/25/2021 14:17
sorong,-0.8833,131.25,79.3,85,100,7.7,ID,4/25/2021 14:17
lazaro cardenas,17.9583,-102.2,77.47,67,100,3.74,MX,4/25/2021 14:17
monrovia,6.3005,-10.7969,83.25,75,100,6.02,LR,4/25/2021 14:17
esso,55.9333,158.7,23.5,96,100,4.47,RU,4/25/2021 14:17
petropavlovsk-kamchatskiy,53.0452,158.6483,35.6,93,75,2.24,RU,4/25/2021 14:13
canatlan,24.5167,-104.7833,59,35,1,3.13,MX,4/25/2021 14:17
utiel,39.5667,-1.2,69.01,55,100,1.99,ES,4/25/2021 14:17
sete,43.4018,3.6966,62.6,67,100,5.75,FR,4/25/2021 14:17
xinxiang,35.3089,113.8672,54.9,75,100,4.7,CN,4/25/2021 14:17
san borja,-14.8167,-66.85,68.31,97,100,8.14,BO,4/25/2021 14:17
caborca,30.5838,-111.101,67.71,22,3,4.9,MX,4/25/2021 14:17
kristiinankaupunki,62.2743,21.376,35.01,77,100,18.79,FI,4/25/2021 14:17
saint-augustin,51.226,-58.6502,42.39,56,16,15.08,CA,4/25/2021 14:17
mokolo,10.7398,13.8019,104,22,0,5.75,CM,4/25/2021 14:17
harper,4.375,-7.7169,85.51,66,100,6.55,LR,4/25/2021 14:17
vila velha,-20.3297,-40.2925,86,62,40,10.36,BR,4/25/2021 14:17
te anau,-45.4167,167.7167,38.77,96,72,4.94,NZ,4/25/2021 14:17
ler,8.3018,30.1418,91.74,39,94,6.76,SS,4/25/2021 14:17
levelland,33.5873,-102.378,62.01,51,20,21.85,US,4/25/2021 14:17
himatnagar,23.6,72.95,100.4,11,0,5.12,IN,4/25/2021 14:17
jos,9.9167,8.9,87.8,37,40,6.91,NG,4/25/2021 14:17
adelaide,-34.9333,138.6,55.99,87,20,3.44,AU,4/25/2021 14:17
mehran,33.1222,46.1646,84.2,16,75,6.91,IR,4/25/2021 14:17
siocon,7.7061,122.1353,79.48,86,36,3.78,PH,4/25/2021 14:17
itoman,26.1247,127.6694,68,77,20,8.05,JP,4/25/2021 14:17
trairi,-3.2778,-39.2689,84.58,69,72,9.33,BR,4/25/2021 14:17
menongue,-14.6585,17.691,83.16,24,87,4.83,AO,4/25/2021 14:17
bria,6.5423,21.9863,78.31,75,100,7.31,CF,4/25/2021 14:13
victoria point,-27.5833,153.3,63,80,21,6.13,AU,4/25/2021 14:17
amalapuram,16.5833,82.0167,89.6,62,20,6.91,IN,4/25/2021 14:17
cherskiy,68.75,161.3,1.89,97,97,4.63,RU,4/25/2021 14:17
daru,-9.0763,143.2092,78.51,87,100,3.27,PG,4/25/2021 14:17
coquimbo,-29.9533,-71.3436,59,77,75,2.3,CL,4/25/2021 14:17
santa isabel do rio negro,-0.4139,-65.0192,86.72,61,81,5.66,BR,4/25/2021 14:17
amapa,1,-52,78.62,93,98,3.18,BR,4/25/2021 14:13
lyndon,38.2567,-85.6016,53.6,76,90,6.91,US,4/25/2021 14:17
almaznyy,48.0448,40.045,57.2,26,0,2.24,RU,4/25/2021 14:17
sterling,39.0062,-77.4286,55.4,76,75,12.66,US,4/25/2021 14:17
